X,Y,cod_estab,nome_estab,MUNICIPIO,PARTO2023,LEITO_OBST,GESTAO,LATITUDE,LONGITUDE
-35.0315542911146,-8.28048706331215,"27",CASA DE SAUDE SANTA HELENA,CABO DE SANTO AGOSTINHO,SIM,"8",MUNICIPAL,-8.280487,-35.031554
-34.9769754334956,-8.23222865851301,"94",MATERNIDADE PADRE GERALDO LEITE BASTOS,CABO DE SANTO AGOSTINHO,SIM,"16",MUNICIPAL,-8.232229,-34.976975
-35.0348539,-8.28442309999999,"183",HOSPITAL SAMARITANO,CABO DE SANTO AGOSTINHO,SIM,"5",MUNICIPAL,-8.284423,-35.034854
-35.0340042330089,-8.28259886351618,"221",HOSPITAL SAO SEBASTIAO,CABO DE SANTO AGOSTINHO,SIM,"4",MUNICIPAL,-8.282599,-35.034004
-34.9463152,-8.0474352,"396",HOSPITAL DAS CLINICAS,RECIFE,SIM,"45",ESTADUAL,-8.047435,-34.946315
-34.9070853474077,-8.03040251482158,"418",HOSPITAL AGAMENON MAGALHAES,RECIFE,SIM,"89",ESTADUAL,-8.030403,-34.907085
-34.8899527267691,-8.06609767307453,"434",IMIP,RECIFE,SIM,"104",DUPLA,-8.066098,-34.889953
-34.9441707,-8.1204017,"671",US 153 POLICLINICA E MATERNIDADE ARNALDO MARQUES,RECIFE,SIM,"37",MUNICIPAL,-8.120402,-34.944171
-34.91069,-8.0789767,"701",US 165 MATERNIDADE BANDEIRA FILHO,RECIFE,SIM,"33",MUNICIPAL,-8.078977,-34.910690
-34.898205422045,-8.06405748726466,"1120",REAL HOSPITAL PORTUGUES,RECIFE,SIM,"20",DUPLA,-8.064057,-34.898205
-34.9232184291843,-8.02082666518681,"20516",US 167 POLICLINICA E MATERNIDADE PROFESSOR BARROS LIMA,RECIFE,SIM,"36",MUNICIPAL,-8.020827,-34.923218
-34.9013409,-8.05591140000002,"113964",CENTRO MEDICO HOSPITALAR,RECIFE,SIM,"7",MUNICIPAL,-8.055911,-34.901341
-35.374067348397,-8.49876691236589,"164542",HOSPITAL MUNICIPAL DO RIBEIRAO,RIBEIRAO,SIM,"4",MUNICIPAL,-8.498767,-35.374067
-40.4944823,-9.39155840000001,"214299",CENTRO DE PARTO NORMAL MARIA DAS DORES DE SOUZA,PETROLINA,SIM,"5",MUNICIPAL,-9.391558,-40.494482
-34.986917,-8.0216588,"519529",CENTRO DE PARTO NORMAL DE CAMARAGIBE,CAMARAGIBE,SIM,"5",MUNICIPAL,-8.021659,-34.986917
-35.2108595,-7.99568659999999,"2315165",UNIDADE MISTA VIRGINIA GUERRA,CHA DE ALEGRIA,SIM,"4",MUNICIPAL,-7.995687,-35.210860
-40.2689068942327,-7.76413387240151,"2315300",CASA DE SAUDE E MATERNIDADE SANTA MONICA,TRINDADE,SIM,"10",MUNICIPAL,-7.764134,-40.268907
-35.5820911756218,-8.6804042415716,"2315343",HVU HOSPITAL VALE DO UNA,PALMARES,SIM,"21",DUPLA,-8.680404,-35.582091
-36.0624195,-8.4932369,"2319284",UNIDADE MISTA DO ALTINHO,ALTINHO,SIM,"6",MUNICIPAL,-8.493237,-36.062420
-34.9328511678851,-8.16574200019684,"2319454",HOSPITAL MEMORIAL GUARARAPES,JABOATAO DOS GUARARAPES,SIM,"55",DUPLA,-8.165742,-34.932851
-35.9855675,-7.90315229999999,"2343894",HOSPITAL MUNICIPAL DAS VERTENTES EVARISTO FERREIRA FILHO,VERTENTES,SIM,"8",MUNICIPAL,-7.903152,-35.985568
-36.3648184237099,-8.87624799541932,"2344033",HOSPITAL JOSEFA CORDEIRO VILACA,SAO JOAO,SIM,"4",MUNICIPAL,-8.876248,-36.364818
-35.7535426652848,-8.2309268165557,"2344246",UNIDADE MISTA SAO JOSE,BEZERROS,SIM,"8",MUNICIPAL,-8.230927,-35.753543
-35.7567899,-8.24535359999998,"2344254",HOSPITAL JESUS PEQUENINO,BEZERROS,SIM,"3",DUPLA,-8.245354,-35.756790
-36.2069676,-7.9526611,"2344289",HOSPITAL MUNICIPAL RAYMUNDO FRANCELINO ARAGAO,SANTA CRUZ DO CAPIBARIBE,SIM,"12",MUNICIPAL,-7.952661,-36.206968
-35.45953,-8.24548369999999,"2344408",HOSPITAL GERAL ALFREDO ALVES DE LIMA,CHA GRANDE,SIM,"6",MUNICIPAL,-8.245484,-35.459530
-35.8589745,-8.13837810000001,"2344491",UNIDADE MISTA JOAO SOARES DA FONSECA,RIACHO DAS ALMAS,SIM,"5",MUNICIPAL,-8.138378,-35.858975
-34.8443048023189,-8.01076867913004,"2344882",HOSPITAL DO TRICENTENARIO,OLINDA,SIM,"28",DUPLA,-8.010769,-34.844305
-39.9323686,-7.7783215,"2345374",HOSPITAL MUNICIPAL EULINA SILVA LOCIO DE ALENCAR,BODOCO,SIM,"4",MUNICIPAL,-7.778321,-39.932369
-35.3106403863148,-7.51692833789506,"2346621",HOSPITAL FERREIRA LIMA,TIMBAUBA,SIM,"18",MUNICIPAL,-7.516928,-35.310640
-36.1350793852938,-8.71910834061041,"2346826",UNIDADE HOSPITALAR SANTA QUITERIA,JUREMA,SIM,"4",MUNICIPAL,-8.719108,-36.135079
-36.1793389,-8.58072519999999,"2346850",UNIDADE MISTA PROFESSOR JORGE DE OLIVEIRA LOBO,IBIRAJUBA,SIM,"3",MUNICIPAL,-8.580725,-36.179339
-36.6255618,-8.737809,"2346869",HOSPITAL MUNICIPAL QUITERIA ALVES VILELA,CAPOEIRAS,SIM,"3",MUNICIPAL,-8.737809,-36.625562
-34.8254156,-7.75241120000002,"2347199",HOSPITAL ALZIRA FIGUEIREDO DE ANDRADE OLIVEIRA,ILHA DE ITAMARACA,SIM,"4",MUNICIPAL,-7.752411,-34.825416
-38.2990487,-7.98884380000001,"2348489",HOSPITAL PROFESSOR AGAMENON MAGALHAES,SERRA TALHADA,SIM,"11",ESTADUAL,-7.988844,-38.299049
-37.5403883,-7.59678360000001,"2348497",HOSPITAL DR LUIZ JOSE DA SILVA NETO,TABIRA,SIM,"5",MUNICIPAL,-7.596784,-37.540388
-38.15194657672,-7.94020286101458,"2348713",UNIDADE MISTA DE SAUDE VEREADOR SILVINO CORDEIRO,CALUMBI,SIM,"4",MUNICIPAL,-7.940203,-38.151947
-38.2489077,-9.17436420000001,"2349361",HOSPITAL MUNICIPAL DE JATOBA,JATOBA,SIM,"4",MUNICIPAL,-9.174364,-38.248908
-39.2937065,-7.94822919999999,"2349566",HOSPITAL GERAL IMACULADA CONCEICAO,SERRITA,SIM,"6",MUNICIPAL,-7.948229,-39.293706
-38.9658647,-8.75302659999999,"2349574",HOSPITAL DR JOSE ALVENTINO LIMA,BELEM DE SAO FRANCISCO,SIM,"5",MUNICIPAL,-8.753027,-38.965865
-35.2312274606639,-7.80348135588195,"2349728",UNIDADE MISTA MARIA GERCINA DA SILVA,TRACUNHAEM,SIM,"4",MUNICIPAL,-7.803481,-35.231227
-36.7014856,-8.1878814,"2349906",HOSPITAL MUNICIPAL SAO SEBASTIAO,POCAO,SIM,"8",MUNICIPAL,-8.187881,-36.701486
-35.6969082,-8.0097177,"2350246",UNIDADE MISTA SANTA TEREZINHA,CUMARU,SIM,"6",MUNICIPAL,-8.009718,-35.696908
-40.7666382736275,-8.44807834737078,"2350289",HOSPITAL MUNICIPAL NOSSA SENHORA DA PAZ,DORMENTES,SIM,"4",MUNICIPAL,-8.448078,-40.766638
-36.3320379786781,-8.74275708790185,"2351048",U M NOSSA SENHORA DE LOURDES,CALCADO,SIM,"3",MUNICIPAL,-8.742757,-36.332038
-38.2958783816218,-7.99043536388823,"2351633",HOSPITAL SAO VICENTE,SERRA TALHADA,SIM,"9",DUPLA,-7.990435,-38.295878
-38.2964002825186,-7.98986717132067,"2351668",MATERNIDADE DE DR LUIZ LEITE,SERRA TALHADA,SIM,"6",MUNICIPAL,-7.989867,-38.296400
-35.9741077388676,-8.2701714257235,"2351994",HOSPITAL DE CARUARU JESUS NAZARENO,CARUARU,SIM,"81",ESTADUAL,-8.270171,-35.974108
-36.4508394,-8.524041,"2352133",HOSPITAL MUNICIPAL DR JOSE ANTONIO DE SIQUEIRA NETO,SAO BENTO DO UNA,SIM,"8",MUNICIPAL,-8.524041,-36.450839
-36.5661688,-9.02740579999999,"2352524",HOSPITAL MUNICIPAL ALICE FIGUEIRA,BREJAO,SIM,"2",MUNICIPAL,-9.027406,-36.566169
-35.114358,-7.4052337,"2352559",UNIDADE MISTA DR HERCILIO MORAES BORBA,ITAMBE,SIM,"8",MUNICIPAL,-7.405234,-35.114358
-35.5184905,-7.68510760000002,"2352575",HOSPITAL EDISON ALVARES,MACHADOS,SIM,"2",MUNICIPAL,-7.685108,-35.518490
-39.2384891,-7.71881160000001,"2352761",UNIDADE MISTA JOSE URIAS NOVAES,CEDRO,SIM,"4",MUNICIPAL,-7.718812,-39.238489
-38.1468077729065,-9.1024512576355,"2353296",UNIDADE MISTA EDMIR FERRAZ GOMINHO,TACARATU,SIM,"4",MUNICIPAL,-9.102451,-38.146808
-35.9033836,-8.65311930000001,"2353954",UNIDADE MISTA SANTA ROSA,LAGOA DOS GATOS,SIM,"4",MUNICIPAL,-8.653119,-35.903384
-35.4887233289561,-7.59092103040354,"2354454",UNIDADE MISTA EDSON REGIS DE CARVALHO,SAO VICENTE FERRER,SIM,"3",MUNICIPAL,-7.590921,-35.488723
-35.7579268,-7.83969379999999,"2354551",HOSPITAL SAO LUIZ,SURUBIM,SIM,"20",DUPLA,-7.839694,-35.757927
-35.9513619875143,-8.61918755987952,"2354845",HOSPITAL MUNICIPAL JOSE VERISSIMO DE SOUZA,CUPIRA,SIM,"6",MUNICIPAL,-8.619188,-35.951362
-36.3279444,-9.1278864,"2355841",HOSPITAL MAE KYOLA,CORRENTES,SIM,"3",MUNICIPAL,-9.127886,-36.327944
-34.8948737032562,-8.06702260852862,"2355906",HOSPITAL ESPERANCA S A,RECIFE,SIM,"25",ESTADUAL,-8.067023,-34.894874
-35.5259342,-8.69358829999999,"2356279",HOSPITAL MUNICIPAL CIENTISTA NELSON CHAVES,AGUA PRETA,SIM,"8",MUNICIPAL,-8.693588,-35.525934
-39.1135165288476,-8.05858550887907,"2356287",HOSPITAL REGIONAL INACIO DE SA,SALGUEIRO,SIM,"23",ESTADUAL,-8.058586,-39.113517
-36.0121197395894,-8.82823741990874,"2356430",HOSPITAL MUNICIPAL MARIA DIGNA PESSOA DE MELLO,QUIPAPA,SIM,"4",MUNICIPAL,-8.828237,-36.012120
-35.0615143,-8.3994533,"2427249",MATERNIDADE MAE LIDIA,IPOJUCA,SIM,"14",MUNICIPAL,-8.399453,-35.061514
-34.9389858,-8.0384821,"2427427",HOSPITAL BARAO DE LUCENA,RECIFE,SIM,"89",ESTADUAL,-8.038482,-34.938986
-37.6506877,-7.73747240000001,"2428385",HOSPITAL REGIONAL EMILIA CAMARA,AFOGADOS DA INGAZEIRA,SIM,"27",ESTADUAL,-7.737472,-37.650688
-35.5750879,-8.68670119999999,"2428393",HOSPITAL REGIONAL DE PALMARES DR SILVIO MAGALHAES,PALMARES,SIM,"29",ESTADUAL,-8.686701,-35.575088
-34.8944354970568,-7.60365455827314,"2428679",UNIDADE MISTA DE TEJUCUPAPO,GOIANA,SIM,"7",MUNICIPAL,-7.603655,-34.894435
-35.2468044749543,-7.84650439848684,"2428784",UNIDADE MISTA FRANCISCO DE ASSIS CHATEAUBRIAND,CARPINA,SIM,"12",MUNICIPAL,-7.846504,-35.246804
-37.800262,-7.8067912,"2428881",HOSPITAL MUNICIPAL DR JOSE DANTAS FILHO,CARNAIBA,SIM,"2",MUNICIPAL,-7.806791,-37.800262
-35.2891782,-8.113395,"2429004",APAMI DE VITORIA DE SANTO ANTAO,VITORIA DE SANTO ANTAO,SIM,"20",DUPLA,-8.113395,-35.289178
-35.6254890601434,-8.80853005580176,"2429314",UNIDADE MISTA STA JOANACENTRO DE SAUDE OVIDIO MACIEL,XEXEU,SIM,"4",MUNICIPAL,-8.808530,-35.625489
-37.6363148,-7.75134410000001,"2429438",CENTRO HOSPITALAR DR JOSE EVOIDE DE MOURA,AFOGADOS DA INGAZEIRA,SIM,"10",DUPLA,-7.751344,-37.636315
-40.4988596,-9.3936419,"2430118",NEUROCARDIO,PETROLINA,SIM,"6",DUPLA,-9.393642,-40.498860
-40.5207886,-9.39118769999999,"2430495",HGU HOSPITAL GERAL E URGENCIA,PETROLINA,SIM,"6",MUNICIPAL,-9.391188,-40.520789
-40.4995569,-9.39556490000001,"2430517",HOSPITAL IMACULADA CONCEICAO,PETROLINA,SIM,"6",MUNICIPAL,-9.395565,-40.499557
-40.4985742255983,-9.39367415025215,"2430622",HOSPITAL MEMORIAL PETROLINA,PETROLINA,SIM,"6",DUPLA,-9.393674,-40.498574
-40.4996019,-9.39473010000001,"2430711",HOSPITAL DOM MALAN,PETROLINA,SIM,"60",ESTADUAL,-9.394730,-40.499602
-39.7271166,-7.50735560000001,"2431106",HOSPITAL MUNICIPAL JOSE PINTO SARAIVA,EXU,SIM,"5",MUNICIPAL,-7.507356,-39.727117
-35.1150784294797,-8.59305373969673,"2431823",HOSPITAL E MATERNIDADE MUNICIPAL OLIMPIO M GOUVEIA LINS,SIRINHAEM,SIM,"3",MUNICIPAL,-8.593054,-35.115078
-35.036563,-8.0013094,"2432048",HOSPITAL E MATERNIDADES PETRONILA CAMPOS,SAO LOURENCO DA MATA,SIM,"33",MUNICIPAL,-8.001309,-35.036563
-37.9663258655333,-7.8621424575579,"2432471",HOSPITAL GENEZIO FRANCISCO XAVIER,FLORES,SIM,"5",MUNICIPAL,-7.862142,-37.966326
-35.3949635849203,-8.14124680760319,"2432706",HOSPITAL E MATERNIDADE VIRGINIA COLACO DIAS,POMBOS,SIM,"5",MUNICIPAL,-8.141247,-35.394964
-35.5277642,-8.62738390000001,"2433494",HOSPITAL MUNICIPAL VALDIR NICACIO LIMA,JOAQUIM NABUCO,SIM,"4",MUNICIPAL,-8.627384,-35.527764
-36.4986425257957,-7.98576684207655,"2433788",UNIDADE MISTA ANA ARGEMIRA CORREIA,JATAUBA,SIM,"4",MUNICIPAL,-7.985767,-36.498643
-34.8174741327474,-7.63459032011687,"2434059",UPA SANTO AMARO,GOIANA,SIM,"4",MUNICIPAL,-7.634590,-34.817474
-35.3864003,-8.58709730000002,"2435454",HOSPITAL DE PEQUENO PORTE ARGEMIRA S R BARROS,GAMELEIRA,SIM,"8",MUNICIPAL,-8.587097,-35.386400
-35.5596358,-8.19768529999999,"2435802",H G G DR PAULO DA VEIGA PESSOA,GRAVATA,SIM,"7",MUNICIPAL,-8.197685,-35.559636
-36.3711679088951,-8.14451693731768,"2436205",HOSPITAL DR JOSE CARLOS DE SANTANA,BREJO DA MADRE DE DEUS,SIM,"5",MUNICIPAL,-8.144517,-36.371168
-36.4190943246005,-8.33338429145214,"2436310",HOSPITAL REGIONAL JULIO ALVES DE LIRA,BELO JARDIM,SIM,"15",MUNICIPAL,-8.333384,-36.419094
-35.101186,-7.66183949999999,"2499835",UNIDADE MISTA ADELINA AZEVEDO,ITAQUITINGA,SIM,"4",MUNICIPAL,-7.661839,-35.101186
-35.2910586624566,-7.9989145065063,"2499843",UNIDADE MISTA MARIA GAIAO GUERRA,GLORIA DO GOITA,SIM,"2",MUNICIPAL,-7.998915,-35.291059
-35.3236247,-7.65761370000002,"2499851",UNIDADE MISTA NAIDE RAM0S MARANHAO,VICENCIA,SIM,"4",MUNICIPAL,-7.657614,-35.323625
-35.1862535,-8.80652689999999,"2499975",HOSPITAL DISTRITAL JAILTON MESSIAS DE ALBUQUERQUE,BARREIROS,SIM,"12",MUNICIPAL,-8.806527,-35.186253
-37.4778610892472,-7.37770282901598,"2500000",UNIDADE MISTA SANTA TEREZINHA,SANTA TEREZINHA,SIM,"3",MUNICIPAL,-7.377703,-37.477861
-35.8101365,-8.78041379999999,"2500078",CASA DE SAUDE E MATERNIDADE ELZA MS BARROS DINIZ,MARAIAL,SIM,"7",DUPLA,-8.780414,-35.810136
-35.1807185,-7.88799339999999,"2516764",HOSPITAL MUNICIPAL DE PAUDALHO,PAUDALHO,SIM,"8",MUNICIPAL,-7.887993,-35.180719
-35.248855709312,-7.84403947157736,"2517019",HOSPITAL DAS CLINICAS DO CARPINA,CARPINA,SIM,"7",DUPLA,-7.844039,-35.248856
-37.6366087,-7.75018599999999,"2517116",ECO CLINICA LTDA,AFOGADOS DA INGAZEIRA,SIM,"4",MUNICIPAL,-7.750186,-37.636609
-38.29327,-7.99471199999999,"2517124",HOSPITAL SAO FRANCISCO,SERRA TALHADA,SIM,"13",MUNICIPAL,-7.994712,-38.293270
-34.8980294466058,-8.05246893620074,"2517132",HOSPITAL SANTA JOANA RECIFE,RECIFE,SIM,"18",ESTADUAL,-8.052469,-34.898029
-34.8972681792695,-8.0595330688565,"2517140",HOSPITAL MEMORIAL SAO JOSE,RECIFE,SIM,"12",ESTADUAL,-8.059533,-34.897268
-37.054927,-8.42228080000001,"2551764",HOSPITAL REGIONAL RUY DE BARROS CORREIA,ARCOVERDE,SIM,"29",DUPLA,-8.422281,-37.054927
-36.7777894242152,-8.46829612174323,"2630524",UNIDADE MISTA MARIA ELIZIARIA PAES,ALAGOINHA,SIM,"2",MUNICIPAL,-8.468296,-36.777789
-36.0588443,-8.00664249999999,"2631180",HOSPITAL MUNICIPAL NOSSA SENHORA DE FATIMA,TORITAMA,SIM,"5",MUNICIPAL,-8.006642,-36.058844
-37.266114,-8.0758682,"2634309",CLINICA NOSSA SENHORA DO CARMO,SERTANIA,SIM,"3",MUNICIPAL,-8.075868,-37.266114
-37.2706185,-7.46794909999999,"2635798",CLINICA SANTA MARIA,SAO JOSE DO EGITO,SIM,"6",MUNICIPAL,-7.467949,-37.270619
-35.7323146,-8.47264250000001,"2638835",HOSPITAL DR ALBERTO DE OLIVEIRA,BONITO,SIM,"10",MUNICIPAL,-8.472643,-35.732315
-35.7105158999669,-8.32901591157793,"2638843",UNIDADE MISTA OLILIA MENDONCA SOUTO MAIOR,SAIRE,SIM,"1",MUNICIPAL,-8.329016,-35.710516
-36.5638193568725,-8.35868691490444,"2638851",UNIDADE MISTA JOAO XXIII,SANHARO,SIM,"4",MUNICIPAL,-8.358687,-36.563819
-36.6858015880091,-8.35653879841419,"2638878",HOSPITAL DR LIDIO PARAIBA,PESQUEIRA,SIM,"24",MUNICIPAL,-8.356539,-36.685802
-35.8097233,-8.4307191,"2638894",UNIDADE MISTA PRESIDENTE CASTELO BRANCO,SAO JOAQUIM DO MONTE,SIM,"6",MUNICIPAL,-8.430719,-35.809723
-36.2372425,-8.48706469999998,"2638908",HOSPITAL NAIR ALVES RAIMUNDO,CACHOEIRINHA,SIM,"2",MUNICIPAL,-8.487065,-36.237243
-35.9213506,-7.9413825,"2638916",HOSPITAL E MATERNIDADE JOAO ALEXANDRE DE OLIVEIRA,FREI MIGUELINHO,SIM,"2",MUNICIPAL,-7.941382,-35.921351
-36.1988135,-8.88132049999999,"2638924",HOSPITAL MUNICIPAL ANTONIA ALVES DE MELO,CANHOTINHO,SIM,"8",MUNICIPAL,-8.881320,-36.198813
-36.656154,-8.92005729999999,"2638932",HOSPITAL MUNICIPAL ANTONIO XAVIER SOBRINHO,PARANATAMA,SIM,"2",MUNICIPAL,-8.920057,-36.656154
-36.6883360177881,-8.97332350365778,"2638940",HOSPITAL JOSINA GODOY,SALOA,SIM,"3",MUNICIPAL,-8.973324,-36.688336
-37.4237902,-8.94813049999999,"2638959",HOSPITAL MUNICIPAL JOAO VICENTE,ITAIBA,SIM,"2",MUNICIPAL,-8.948130,-37.423790
-36.4643579,-9.1256585,"2638967",HOSPITAL MUNICIPAL JOSE JOSY DUARTE,LAGOA DO OURO,SIM,"4",MUNICIPAL,-9.125658,-36.464358
-36.4173278,-8.71007800000001,"2638975",HOSPITAL MUNICIPAL CLAUDINA TEIXEIRA,JUPI,SIM,"2",MUNICIPAL,-8.710078,-36.417328
-36.4958116,-8.89755969999998,"2638991",HOSPITAL INFANTIL PALMIRA SALES,GARANHUNS,SIM,"26",MUNICIPAL,-8.897560,-36.495812
-36.4827799824184,-8.88681567673727,"2639009",CASA DE SAUDE PERPETUO SOCORRO,GARANHUNS,SIM,"11",DUPLA,-8.886816,-36.482780
-36.6870877514941,-9.16428900847812,"2639025",HOSPITAL MONSENHOR ALFREDO DAMASO,BOM CONSELHO,SIM,"6",MUNICIPAL,-9.164289,-36.687088
-36.3237044662289,-9.00730959587443,"2639033",HOSPITAL MUNICIPAL NOSSA SENHORA DAS NEVES,PALMEIRINA,SIM,"2",MUNICIPAL,-9.007310,-36.323704
-37.6410738,-8.09246769999998,"2639068",UNIDADE MISTA ELIZABETH BARBOSA,CUSTODIA,SIM,"10",MUNICIPAL,-8.092468,-37.641074
-37.6924445355165,-8.53567402324859,"2639092",UNIDADE MISTA MARCOS FERREIRA DAVILA,IBIMIRIM,SIM,"3",MUNICIPAL,-8.535674,-37.692445
-36.9506920110297,-8.50731968665148,"2639106",UNIDADE HOSPITALAR JUSTINO ALVES BEZERRA,PEDRA,SIM,"4",MUNICIPAL,-8.507320,-36.950692
-39.377044882004,-8.2290601029746,"2639157",UNIDADE MISTA JOAQUINA DE SA PARENTE,TERRA NOVA,SIM,"3",MUNICIPAL,-8.229060,-39.377045
-39.8243008,-8.80579800000001,"2639173",HOSPITAL MUNICIPAL MONSENHOR ANGELO SAMPAIO,SANTA MARIA DA BOA VISTA,SIM,"7",MUNICIPAL,-8.805798,-39.824301
-39.601287,-8.62056659999999,"2639203",HOSPITAL MUNICIPAL EULINA DE NOVAES BIONE,OROCO,SIM,"3",MUNICIPAL,-8.620567,-39.601287
-40.2804198,-8.9914916,"2639211",HOSPITAL MUNICIPAL JOSE HENRIQUE DE LIMA,LAGOA GRANDE,SIM,"10",MUNICIPAL,-8.991492,-40.280420
-41.0071309,-8.51476429999999,"2639238",HOSPITAL MUNICIPAL MARIA COELHO CAVALCANTI RODRIGUES,AFRANIO,SIM,"8",MUNICIPAL,-8.514764,-41.007131
-39.3088249328004,-8.51102187797082,"2639246",HOSPITAL DR ARNALDO VASCONCELOS DE ALENCAR,CABROBO,SIM,"12",MUNICIPAL,-8.511022,-39.308825
-40.5016262,-7.5792363,"2639254",CASA DE SAUDE SAO JOSE,ARARIPINA,SIM,"17",MUNICIPAL,-7.579236,-40.501626
-40.5050733,-7.57620259999999,"2639262",HOSPITAL E MATERNIDADE SANTA MARIA,ARARIPINA,SIM,"29",DUPLA,-7.576203,-40.505073
-39.5525441,-7.6313223,"2639270",HOSPITAL MUNICIPAL DR JOSE MIRANDA FILHO,MOREILANDIA,SIM,"2",MUNICIPAL,-7.631322,-39.552544
-37.5107642,-7.83428699999999,"2639297",UNIDADE MISTA DE IGUARACY,IGUARACY,SIM,"3",MUNICIPAL,-7.834287,-37.510764
-37.6503173932117,-7.60073353580431,"2639300",UNIDADE MISTA MARIA JESUINO DA SILVA,SOLIDAO,SIM,"2",MUNICIPAL,-7.600734,-37.650317
-37.3083799961773,-7.59969636428991,"2639319",UNIDADE MISTA SEVERINO SOUTO DE SIQUEIRA,TUPARETAMA,SIM,"3",MUNICIPAL,-7.599696,-37.308380
-37.4594659,-7.67809120000001,"2639327",UNIDADE MISTA BENVINDA DE BRITO GALVAO,INGAZEIRA,SIM,"1",MUNICIPAL,-7.678091,-37.459466
-38.7298639,-8.11782489999999,"2702827",UNIDADE MISTA ANA ALVES DE CARVALHO,MIRANDIBA,SIM,"1",MUNICIPAL,-8.117825,-38.729864
-39.615576363616,-7.71372787203905,"2702835",HOSPITAL MUNICIPAL MARIA SENHORINHA DE SOUSA,GRANITO,SIM,"3",MUNICIPAL,-7.713728,-39.615576
-38.106968434706,-7.8351541105313,"2702843",MATERNIDADE UNIDADE MISTA FELINTO WANDERLEY,TRIUNFO,SIM,"2",MUNICIPAL,-7.835154,-38.106968
-36.8459567,-9.04422410000001,"2702975",HOSPITAL MUNICIPAL NOSSA SENHORA DA CONCEICAO,IATI,SIM,"6",MUNICIPAL,-9.044224,-36.845957
-36.4835792,-8.88249619999998,"2702983",HOSPITAL REGIONAL DOM MOURA,GARANHUNS,SIM,"22",ESTADUAL,-8.882496,-36.483579
-37.1181142,-9.1153995,"2702991",HOSPITAL DR JOAO SECUNDINO DE SOUZA,AGUAS BELAS,SIM,"6",MUNICIPAL,-9.115400,-37.118114
-36.6225761,-8.77194340000001,"2703017",HOSPITAL MUNICIPAL LUIZA PEREIRA DE CARVALHO,CAETES,SIM,"2",MUNICIPAL,-8.771943,-36.622576
-36.3203769,-8.66241850000001,"2703025",HOSPITAL MARIA DA PENHA DOURADO CAVALCANTE,LAJEDO,SIM,"5",MUNICIPAL,-8.662419,-36.320377
-36.2823325,-8.8883974,"2703033",UNIDADE HOSPITALAR SANTA TEREZINHA,ANGELIM,SIM,"2",MUNICIPAL,-8.888397,-36.282333
-37.1559133,-8.62065830000001,"2703041",MATERNIDADE ALCIDES CURSINO,BUIQUE,SIM,"8",DUPLA,-8.620658,-37.155913
-37.8239352398175,-8.90279802794625,"2703068",HOSPITAL MUNICIPAL SANTA RITA,INAJA,SIM,"6",MUNICIPAL,-8.902798,-37.823935
-38.0345045381516,-8.27332633534875,"2703076",UNIDADE MISTA PROFESSOR ALCIDES FERREIRA LIMA,BETANIA,SIM,"3",MUNICIPAL,-8.273326,-38.034505
-36.8795473890704,-8.57668286770404,"2703084",UNIDADE MISTA JUSTA MARIA BEZERRA,VENTUROSA,SIM,"6",MUNICIPAL,-8.576683,-36.879547
-37.3411496326925,-8.74994772861951,"2703092",UNIDADE MISTA SANTA CLARA,TUPANATINGA,SIM,"4",MUNICIPAL,-8.749948,-37.341150
-38.9705057059205,-7.92485892777967,"2703106",UNIDADE MISTA ADELAIDE TAVARES DE SA,VERDEJANTE,SIM,"2",MUNICIPAL,-7.924859,-38.970506
-35.6626069800452,-8.4187686328471,"2703343",UNIDADE MISTA PAULO VIANA DE QUEIROZ,BARRA DE GUABIRABA,SIM,"3",MUNICIPAL,-8.418769,-35.662607
-36.1445068,-8.32821200000002,"2703351",HOSPITAL MUNICIPAL ADOLPHO PEREIRA CARNEIRO,SAO CAITANO,SIM,"4",MUNICIPAL,-8.328212,-36.144507
-36.0505489,-7.90000939999999,"2703378",HOSPITAL GERAL SEVERINO PEREIRA DA SILVA,TAQUARITINGA DO NORTE,SIM,"5",MUNICIPAL,-7.900009,-36.050549
-35.7637246764222,-8.36401739381385,"2703386",HOSPITAL CAMOCIM DE SAO FELIX,CAMOCIM DE SAO FELIX,SIM,"3",MUNICIPAL,-8.364017,-35.763725
-36.0069884,-8.6658677,"2703394",UNIDADE MISTA NOSSA SENHORA DE FATIMA,PANELAS,SIM,"4",MUNICIPAL,-8.665868,-36.006988
-37.1962971,-7.37650339999998,"2703505",HOSPITAL MUNICIPAL MARIA SILVA,ITAPETIM,SIM,"4",MUNICIPAL,-7.376503,-37.196297
-40.2672458833713,-7.75972193653739,"2706709",HOSPITAL MUNICIPAL MARIA VENERI,TRINDADE,SIM,"2",MUNICIPAL,-7.759722,-40.267246
-35.2960935,-7.9270003,"2711389",CASA DE SAUDE E MATERNIDADE JOSEFA CAVALCANTI DE PETRIBU,LAGOA DE ITAENGA,SIM,"6",MUNICIPAL,-7.927000,-35.296093
-35.2346214,-8.3739529,"2711400",CASA DE SAUDE E MATERNIDADE SANTA CLARA,ESCADA,SIM,"7",MUNICIPAL,-8.373953,-35.234621
-38.1467199,-7.82314640000001,"2711451",UNIDADE MISTA DE SAUDE SAO FRANCISCO,SANTA CRUZ DA BAIXA VERDE,SIM,"4",MUNICIPAL,-7.823146,-38.146720
-34.888243,-8.03778439999999,"2711613",CENTRO UNIVERSITARIO INTEGRADO DE SAUDE AMAURY DE MEDEIROS,RECIFE,SIM,"53",DUPLA,-8.037784,-34.888243
-38.2153324673075,-8.97624415011408,"2711850",HOMUPE,PETROLANDIA,SIM,"16",MUNICIPAL,-8.976244,-38.215332
-35.4558439665045,-8.37274120257128,"2711877",HOSPITAL ALICE BATISTA DOS ANJOS,AMARAJI,SIM,"8",MUNICIPAL,-8.372741,-35.455844
-35.0027096,-7.5580284,"2711885",HOSPITAL BELARMINO CORREIA,GOIANA,SIM,"18",ESTADUAL,-7.558028,-35.002710
-38.570806,-8.599006,"2711893",HOSPITAL CEL ALVARO FERRAZ,FLORESTA,SIM,"17",MUNICIPAL,-8.599006,-38.570806
-37.2829136359799,-7.34777880329904,"2711907",HOSPITAL CLOTILDES DE FONTE RANGEL,BREJINHO,SIM,"1",MUNICIPAL,-7.347779,-37.282914
-35.1491696791636,-8.65960734215482,"2711915",HOSPITAL DE RIO FORMOSO,RIO FORMOSO,SIM,"2",MUNICIPAL,-8.659607,-35.149170
-35.5875779,-7.79320939999999,"2711931",HOSPITAL MUNICIPAL DR MIGUEL ARRAES DE ALENCAR,BOM JARDIM,SIM,"8",MUNICIPAL,-7.793209,-35.587578
-35.2287737,-7.74413569999999,"2711958",HOSPITAL ERMIRIO COUTINHO,NAZARE DA MATA,SIM,"19",ESTADUAL,-7.744136,-35.228774
-35.2880462,-8.11306060000001,"2712008",HOSPITAL JOAO MURILO E POLICLINICA DE VITORIA,VITORIA DE SANTO ANTAO,SIM,"35",ESTADUAL,-8.113061,-35.288046
-37.2739672,-8.06955490000001,"2712016",HOSPITAL MARIA ALICE GOMES LAFAYETTE,SERTANIA,SIM,"8",MUNICIPAL,-8.069555,-37.273967
-35.3851939505561,-7.94865001282141,"2712024",HOSPITAL MUNICIPAL JOSEFA EUSEBIA DA ROCHA,FEIRA NOVA,SIM,"5",MUNICIPAL,-7.948650,-35.385194
-35.4486657392061,-7.88173449769018,"2712032",HOSPITAL REGIONAL DE LIMOEIRO JOSE FERNANDES SALSA,LIMOEIRO,SIM,"16",ESTADUAL,-7.881734,-35.448666
-40.0845337,-7.88304089999999,"2712040",HOSPITAL REGIONAL FERNANDO BEZERRA,OURICURI,SIM,"22",ESTADUAL,-7.883041,-40.084534
-35.2378432449857,-8.36754727623414,"2712059",HOSPITAL REGIONAL DR BENEVOLO WANDERLEY DO AMARAL,ESCADA,SIM,"15",MUNICIPAL,-8.367547,-35.237843
-35.6043064,-7.7460072,"2712067",HOSPITAL SEVERINO TAVORA,OROBO,SIM,"4",MUNICIPAL,-7.746007,-35.604306
-35.9334172,-8.80882589999998,"2712180",MATERNIDADE UNIDADE MISTA SANTA RITA,SAO BENEDITO DO SUL,SIM,"7",MUNICIPAL,-8.808826,-35.933417
-39.123506,-8.07299370000001,"2713497",PRONTO SOCORRO SAO FRANCISCO LTDA,SALGUEIRO,SIM,"4",DUPLA,-8.072994,-39.123506
-40.3372552396492,-8.2407639114261,"2714485",HOSPITAL MUNICIPAL JOAO RODRIGUES DE SOUZA,SANTA CRUZ,SIM,"3",MUNICIPAL,-8.240764,-40.337255
-38.7603462286195,-7.86581402958073,"2715163",UNIDADE MISTA LEONIDAS PEREIRA DE MENEZES,SAO JOSE DO BELMONTE,SIM,"3",MUNICIPAL,-7.865814,-38.760346
-35.2317237125779,-7.60784160441246,"2715171",UNIDADE MISTA BELARMINO L P MELO,ALIANCA,SIM,"8",MUNICIPAL,-7.607842,-35.231724
-35.7264577,-7.744823,"2715198",UNIDADE MISTA CECILIA LEAL DE MIRANDA,CASINHAS,SIM,"9",MUNICIPAL,-7.744823,-35.726458
-35.5468738225084,-8.47507534341275,"2715201",HOSPITAL SENADOR ANTONIO FARIAS,CORTES,SIM,"8",MUNICIPAL,-8.475075,-35.546874
-40.1498969,-7.64906130000001,"2715228",HOSPITAL MUNICIPAL MARCELINO DA SILVA MUDO,IPUBI,SIM,"3",MUNICIPAL,-7.649061,-40.149897
-40.2783524,-7.47051049999999,"2715244",UNIDADE MISTA DE SERROLANDIA,IPUBI,SIM,"2",MUNICIPAL,-7.470510,-40.278352
-36.6247846,-9.0558218,"2715252",HOSPITAL MUNICIPAL DE TEREZINHA,TEREZINHA,SIM,"1",MUNICIPAL,-9.055822,-36.624785
-35.7199022,-8.66906580000001,"2715260",UNIDADE MISTA DR JOAO MAYRINK,CATENDE,SIM,"6",MUNICIPAL,-8.669066,-35.719902
-35.0990009,-8.755798,"2715279",UNIDADE MISTA DR JOSE MUCIO MONTEIRO,TAMANDARE,SIM,"4",MUNICIPAL,-8.755798,-35.099001
-35.5893364,-7.86496860000001,"2715287",UNIDADE MISTA JOANA AMELIA CAVALCANTI,JOAO ALFREDO,SIM,"7",MUNICIPAL,-7.864969,-35.589336
-35.0990227,-7.58723259999998,"2715295",HOSPITAL DE MATERNIDADE JOAO PEREIRA DE ANDRADE,CONDADO,SIM,"5",MUNICIPAL,-7.587233,-35.099023
-35.4531984591128,-7.55789881263773,"2715309",UNIDADE MISTA JOAQUIM FRANCISCO DE MELO CAVALCANTI,MACAPARANA,SIM,"6",MUNICIPAL,-7.557899,-35.453198
-37.2741892119834,-7.48320815672338,"2715317",HOSPITAL MARIA RAFAEL DE SIQUEIRA,SAO JOSE DO EGITO,SIM,"8",MUNICIPAL,-7.483208,-37.274189
-35.3273892354816,-7.72392622990767,"2715325",UNIDADE MISTA MARIA TEREZA BRENANND COELHO,BUENOS AIRES,SIM,"6",MUNICIPAL,-7.723926,-35.327389
-35.275105,-7.40714600000001,"2715341",UNIDADE MISTA MINERVINA GUEDES TAVARES DE MELO,CAMUTANGA,SIM,"2",MUNICIPAL,-7.407146,-35.275105
-35.5804872102368,-7.98357851470621,"2715368",UNIDADE MISTA NOSSA SENHORA DA CONCEICAO,PASSIRA,SIM,"10",MUNICIPAL,-7.983579,-35.580487
-35.840968,-8.6227414,"2715376",UNIDADE MISTA NOSSA SENHORA DAS DORES,BELEM DE MARIA,SIM,"3",MUNICIPAL,-8.622741,-35.840968
-39.5722503,-8.0909586,"2715384",UNIDADE MISTA RAIMUNDA DE SA BARRETO CABRAL,PARNAMIRIM,SIM,"2",MUNICIPAL,-8.090959,-39.572250
-35.3131278791409,-7.84784427622598,"2715392",UNIDADE MISTA SIMEAO RIBEIRO DE LEMOS,LAGOA DO CARRO,SIM,"3",MUNICIPAL,-7.847844,-35.313128
-34.974382491742,-8.10291190451938,"2876671",CENTRO DE PARTO NORMAL JABOATAO DOS GUARARAPES,JABOATAO DOS GUARARAPES,SIM,"14",MUNICIPAL,-8.102912,-34.974382
-34.9069105,-8.05223720000001,"3008002",HOSPITAL DE AVILA,RECIFE,SIM,"30",MUNICIPAL,-8.052237,-34.906910
-35.9710508,-8.2498062,"3083721",MATERNIDADE SANTA DULCE DOS POBRES,CARUARU,SIM,"40",MUNICIPAL,-8.249806,-35.971051
-37.5376365335394,-7.59789059548499,"3204448",SAMED HOSPITAL E MATERNIDADE,TABIRA,SIM,"4",MUNICIPAL,-7.597891,-37.537637
-34.9199929,-8.19701789999998,"3207560",HOSPITAL SANTA GENOVEVA,JABOATAO DOS GUARARAPES,SIM,"1",MUNICIPAL,-8.197018,-34.919993
-36.4803913,-8.88570216391584,"3268020",HOSPITAL MONTE SINAI,GARANHUNS,SIM,"6",MUNICIPAL,-8.885702,-36.480391
-37.0713846,-8.41523110000001,"3369293",HOSPITAL MEMORIAL ARCOVERDE LTDA,ARCOVERDE,SIM,"4",DUPLA,-8.415231,-37.071385
-37.6218521,-8.96035850000001,"3513351",UNIDADE MISTA JOAO PAULO II,MANARI,SIM,"8",MUNICIPAL,-8.960359,-37.621852
-35.0094613,-7.56478689999999,"3812553",MEMORIAL HOSPITAL DE GOIANA,GOIANA,SIM,"8",MUNICIPAL,-7.564787,-35.009461
-36.6897651,-8.35426949999999,"4017455",HOSPITAL SAO JOSE,PESQUEIRA,SIM,"12",MUNICIPAL,-8.354269,-36.689765
-38.7432005,-8.3197661,"4018044",UNIDADE MISTA ARGEMIRO JOSE TORRES,CARNAUBEIRA DA PENHA,SIM,"3",MUNICIPAL,-8.319766,-38.743201
-35.149907,-8.89544430000001,"4019830",UNIDADE DE PRONTO ATENDIMENTO OSMARIO OMENA DE OLIVEIRA,SAO JOSE DA COROA GRANDE,SIM,"6",MUNICIPAL,-8.895444,-35.149907
-36.4854713,-8.70615029999999,"5177235",HOSPITAL MUNICIPAL NOEMIA ELOY,JUCATI,SIM,"1",MUNICIPAL,-8.706150,-36.485471
-34.910784,-7.906972,"5390044",HOSPITAL E MATERNIDADE DE ABREU E LIMA,ABREU E LIMA,SIM,"9",MUNICIPAL,-7.906972,-34.910784
-34.8754734460411,-8.04582205316603,"5396670",HOSPITAL NAVAL DO RECIFE,RECIFE,SIM,"2",MUNICIPAL,-8.045822,-34.875473
-35.9665134,-8.26047090000001,"5615895",HOSPITAL UNIMED CARUARU,CARUARU,SIM,"20",ESTADUAL,-8.260471,-35.966513
-34.8963462995964,-7.91713283711042,"6809154",POLICLINICA DE ABREU E LIMA LTDA,ABREU E LIMA,SIM,"16",MUNICIPAL,-7.917133,-34.896346
-36.4131204,-8.3333728,"6931561",HOSPITAL SANTA FE,BELO JARDIM,SIM,"16",MUNICIPAL,-8.333373,-36.413120
-38.2172676686651,-8.97242642149455,"7152566",IBVASF,PETROLANDIA,SIM,"16",ESTADUAL,-8.972426,-38.217268
-35.80394,-8.73157989999998,"7288263",HOSPITAL MUNICIPAL DE JAQUEIRA MARIA HELENA SILVA DE ANDRADE,JAQUEIRA,SIM,"7",ESTADUAL,-8.731580,-35.803940
-34.8754738,-7.95371,"7549172",HOSPITAL SANTA ANA,PAULISTA,SIM,"5",MUNICIPAL,-7.953710,-34.875474
-35.4495522,-7.88226990000001,"7551584",HOSPITAL DO VALE,LIMOEIRO,SIM,"10",DUPLA,-7.882270,-35.449552
-38.5728338,-8.5964019,"7728689",CASA DE SAUDE E MATERNIDADE DR CLOVIS CARVALHO,FLORESTA,SIM,"10",MUNICIPAL,-8.596402,-38.572834
-41.0073948,-8.51474039999999,"7772408",MATERNIDADE MUNICIPAL MARIA COELHO CAVALCANTI RODRIGUES,AFRANIO,SIM,"6",MUNICIPAL,-8.514740,-41.007395
-34.9410982658205,-8.07036460776619,"7958838",US 444 HOSPITAL DA MULHER DO RECIFE DRA MERCES PONTES CUNHA,RECIFE,SIM,"60",MUNICIPAL,-8.070365,-34.941098
-34.889509,-8.05967689999999,"9069747",HOSPITAL VASCO LUCENA,RECIFE,SIM,"65",MUNICIPAL,-8.059677,-34.889509
-40.6142697,-8.1731787,"9146032",HOSPITAL MUNICIPAL DE SANTA FILOMENA,SANTA FILOMENA,SIM,"2",MUNICIPAL,-8.173179,-40.614270
-34.8716796,-7.95891610000002,"9309594",HOSPITAL CENTRAL NOSSA SENHORA APARECIDA,PAULISTA,SIM,"21",MUNICIPAL,-7.958916,-34.871680
-35.9450578,-8.4560304,"9417435",LINASP,AGRESTINA,SIM,"11",MUNICIPAL,-8.456030,-35.945058
-40.4985173253394,-9.39368225299771,"9569723",INSTITUTO MEMORIAL DO VALE,PETROLINA,SIM,"2",DUPLA,-9.393682,-40.498517
-34.9107476595709,-7.90691095877041,"9571248",CENTRO HOSPITALAR DE SAUDE SAO FRANCISCO DE ASSIS,ABREU E LIMA,SIM,"40",MUNICIPAL,-7.906911,-34.910748
-35.1806908082844,-7.88803695734752,"9578161",CPNP CENTRO DE PARTO NORMAL DE PAUDALHO GABRIELLY RAMOS,PAUDALHO,SIM,"5",MUNICIPAL,-7.888037,-35.180691
-34.8948432,-8.0612011,"9624864",HOSPITAL GERAL MATERNO INFANTIL HGMI,RECIFE,SIM,"42",MUNICIPAL,-8.061201,-34.894843
-40.4842142,-9.3945974,"9698469",HOSPITAL DA UNIMED EM PETROLINA,PETROLINA,SIM,"10",MUNICIPAL,-9.394597,-40.484214
-37.6358494,-8.0889771,"9952667",MATERCLINICA,CUSTODIA,SIM,"7",MUNICIPAL,-8.088977,-37.635849
